{"accuracy": [0.7363636493682861, 0.8911255598068237, 0.9291125535964966, 0.9511904716491699, 0.9584415555000305, 0.9629870057106018, 0.9646103978157043, 0.968722939491272, 0.9706709980964661, 0.9748917818069458, 0.9722943902015686, 0.9694805145263672, 0.9711039066314697, 0.9768398404121399, 0.9826839566230774, 0.982467532157898, 0.9816017150878906, 0.9836580157279968, 0.9852814078330994, 0.9821428656578064, 0.9851731657981873, 0.9832251071929932, 0.9826839566230774, 0.9074675440788269, 0.9232683777809143], "loss": [0.5451921224594116, 0.2650606632232666, 0.18309344351291656, 0.13581986725330353, 0.11314190924167633, 0.10230845212936401, 0.08975527435541153, 0.0841711238026619, 0.07522463798522949, 0.07808466255664825, 0.0774574801325798, 0.09141557663679123, 0.08154240250587463, 0.06361594796180725, 0.04874721169471741, 0.046861737966537476, 0.0489097461104393, 0.0453486405313015, 0.039846085011959076, 0.04404117912054062, 0.03931056708097458, 0.05068152770400047, 0.044941551983356476, 0.28911828994750977, 0.28039228916168213], "val_accuracy": [0.5914110541343689, 0.6196318864822388, 0.4085889458656311, 0.4085889458656311, 0.650306761264801, 0.8392637968063354, 0.8171778917312622, 0.8822085857391357, 0.6809815764427185, 0.754601240158081, 0.8049079775810242, 0.5914110541343689, 0.6920245289802551, 0.6723926663398743, 0.9263803958892822, 0.9190183877944946, 0.9460122585296631, 0.9607362151145935, 0.838036835193634, 0.8638036847114563, 0.8061349987983704, 0.7092024683952332, 0.6687116622924805, 0.5914110541343689, 0.43926379084587097], "val_loss": [41061.421875, 1485.8173828125, 12369.7021484375, 864.5047607421875, 69.67450714111328, 5.937296390533447, 3.7627828121185303, 2.811691999435425, 11.256863594055176, 12.268769264221191, 2.260585069656372, 2447.88232421875, 55.05838394165039, 66.54293823242188, 0.6311932802200317, 0.859404981136322, 0.9174066185951233, 1.456622838973999, 4.2075514793396, 7.338827610015869, 2.294955015182495, 552.5682983398438, 820.6271362304688, 48306.2734375, 10225.0400390625]}